metric,value
total_trades,179.0
total_pnl_pips,295.79999999999717
total_pnl_usd,2957.999999999972
win_rate,68.15642458100558
profit_factor,7.06147540983629
sharpe_ratio,8.240960461646246
max_drawdown_pct,1.631025733961429
